{
  "name": "{c607c8df-14a7-4f28-894f-29e8722976af}",
  "description": "ignored",
  "type": "storage",
  "data":
	{
  "version": "1.8",
  "date": 1582786764800,
  "preferences": {
    "automaticMode": {
      "active": true,
      "newTab": "navigation"
    },
    "notifications": true,
    "container": {
      "namePrefix": "container",
      "color": "purple",
      "colorRandom": true,
      "colorRandomExcluded": [],
      "icon": "circle",
      "iconRandom": false,
      "iconRandomExcluded": [],
      "numberMode": "reuse",
      "removal": 300000
    },
    "iconColor": "blue-simple",
    "isolation": {
      "active": true,
      "global": {
        "navigation": {
          "action": "never"
        },
        "mouseClick": {
          "middle": {
            "action": "never",
            "container": "default"
          },
          "ctrlleft": {
            "action": "never",
            "container": "default"
          },
          "left": {
            "action": "never",
            "container": "default"
          }
        },
        "excluded": {},
        "excludedContainers": []
      },
      "domain": [],
      "mac": {
        "action": "disabled"
      }
    },
    "browserActionPopup": false,
    "pageAction": false,
    "contextMenu": true,
    "contextMenuBookmarks": false,
    "keyboardShortcuts": {
      "AltC": true,
      "AltP": true,
      "AltN": false,
      "AltShiftC": false,
      "AltX": false,
      "AltO": false,
      "AltI": false
    },
    "replaceTabs": false,
    "closeRedirectorTabs": {
      "active": false,
      "delay": 2000,
      "domains": [
        "t.co",
        "outgoing.prod.mozaws.net",
        "slack-redir.net"
      ]
    },
    "ignoreRequests": [
      "getpocket.com",
      "addons.mozilla.org"
    ],
    "cookies": {
      "domain": {}
    },
    "deletesHistory": {
      "active": false,
      "automaticMode": "never",
      "contextMenu": false,
      "contextMenuBookmarks": false,
      "containerAlwaysPerDomain": "never",
      "containerIsolation": "never",
      "containerRemoval": 0,
      "containerMouseClicks": "never",
      "statistics": false
    },
    "statistics": false,
    "ui": {
      "expandPreferences": false,
      "popupDefaultTab": "isolation-global"
    },
    "scripts": {
      "domain": {}
    }
  }
}

}
